Protocollo;Gruppo;DataOraIncidente;Localizzazione1;STRADA1;Localizzazione2;STRADA2;Strada02;Chilometrica;DaSpecificare;NaturaIncidente;particolaritastrade;TipoStrada;FondoStradale;Pavimentazione;Segnaletica;CondizioneAtmosferica;Traffico;Visibilita;Illuminazione;NUM_FERITI;NUM_RISERVATA;NUM_MORTI;NUM_ILLESI;Longitudine;Latitudine;Confermato;Progressivo;TipoVeicolo;StatoVeicolo;TipoPersona;Sesso;Tipolesione;Deceduto;DecedutoDopo;CinturaCascoUtilizzato;Airbag
1917792;1;25/07/2012 00:30;Strada Urbana;VIA DEI PREFETTI;in prossimità;;del civico n. ;13;;Scontro laterale fra veicoli in marcia;Rettilineo;Una carreggiata a senso unico di marcia;Asciutto;Acciotolata;Assente;Sereno;Scarso;Sufficiente;Sufficiente;0;0;0;3;;;-1;1;Autovettura privata;In marcia / fermata / arresto;Conducente;M;Illeso;0;;Non accertato;Inesistente
1917792;1;25/07/2012 00:30;Strada Urbana;VIA DEI PREFETTI;in prossimità;;del civico n. ;13;;Scontro laterale fra veicoli in marcia;Rettilineo;Una carreggiata a senso unico di marcia;Asciutto;Acciotolata;Assente;Sereno;Scarso;Sufficiente;Sufficiente;0;0;0;3;;;-1;1;Autovettura privata;In marcia / fermata / arresto;Passeggero;F;Illeso;0;;Non accertato;Inesistente
1917792;1;25/07/2012 00:30;Strada Urbana;VIA DEI PREFETTI;in prossimità;;del civico n. ;13;;Scontro laterale fra veicoli in marcia;Rettilineo;Una carreggiata a senso unico di marcia;Asciutto;Acciotolata;Assente;Sereno;Scarso;Sufficiente;Sufficiente;0;0;0;3;;;-1;2;Autovettura pubblica;In marcia / fermata / arresto;Conducente;M;Illeso;0;;Non accertato;Inesistente
1917793;16;25/07/2012 13:50;Strada Urbana;VIA DI BRAVA;da specificare;;;;in prossimità via Grispini;Scontro frontale/laterale SX fra veicoli in marcia;Curva a visuale libera;Una carreggiata a doppio senso;Asciutto;Asfaltata;Assente;Sereno;Scarso;Buona;Ore Diurne;0;0;0;2;;;-1;1;Autoveicolo trasp.promisc.;In marcia / fermata / arresto;Conducente;M;Illeso;0;;Non accertato;Inesistente
1917793;16;25/07/2012 13:50;Strada Urbana;VIA DI BRAVA;da specificare;;;;in prossimità via Grispini;Scontro frontale/laterale SX fra veicoli in marcia;Curva a visuale libera;Una carreggiata a doppio senso;Asciutto;Asfaltata;Assente;Sereno;Scarso;Buona;Ore Diurne;0;0;0;2;;;-1;2;Autocarro inferiore 35 q.;In marcia / fermata / arresto;Conducente;M;Illeso;0;;Non accertato;Inesistente
1917794;1;25/07/2012 09:45;Strada Urbana;VIA CAVOUR;in corrispondenza;;del civico n. ;145;;Scontro laterale fra veicoli in marcia;Rettilineo;Una carreggiata a doppio senso;Asciutto;Asfaltata;Verticale ed orizzontale;Sereno;Intenso;Buona;Ore Diurne;0;0;0;2;;;-1;1;Autovettura privata;In marcia / fermata / arresto;Conducente;F;Illeso;0;;Non accertato;Inesistente
1917794;1;25/07/2012 09:45;Strada Urbana;VIA CAVOUR;in corrispondenza;;del civico n. ;145;;Scontro laterale fra veicoli in marcia;Rettilineo;Una carreggiata a doppio senso;Asciutto;Asfaltata;Verticale ed orizzontale;Sereno;Intenso;Buona;Ore Diurne;0;0;0;2;;;-1;2;Autocarro inferiore 35 q.;In marcia / fermata / arresto;Conducente;M;Illeso;0;;Non accertato;Inesistente
1917795;1;25/07/2012 07:30;Strada Urbana;PIAZZA DI PORTA CAPENA;all'intersezione semaforizzata con;VIA DI S. GREGORIO;VIA DI S. GREGORIO;;;Scontro laterale fra veicoli in marcia;Intersezione semaforizzata;Una carreggiata a senso unico di marcia;Asciutto;Asfaltata;Verticale ed orizzontale;Sereno;Normale;Buona;Ore Diurne;1;0;0;1;;;-1;1;Autovettura privata;In marcia / fermata / arresto;Conducente;M;Illeso;0;;Non accertato;Inesploso
1917795;1;25/07/2012 07:30;Strada Urbana;PIAZZA DI PORTA CAPENA;all'intersezione semaforizzata con;VIA DI S. GREGORIO;VIA DI S. GREGORIO;;;Scontro laterale fra veicoli in marcia;Intersezione semaforizzata;Una carreggiata a senso unico di marcia;Asciutto;Asfaltata;Verticale ed orizzontale;Sereno;Normale;Buona;Ore Diurne;1;0;0;1;;;-1;2;Motociclo a solo;In marcia / fermata / arresto;Conducente;M;Rifiuta cure immediate;0;NON DECEDUTO;Non accertato;Inesistente
1917796;1;25/07/2012 05:00;Strada Urbana;VIALE DI TRASTEVERE;in prossimità;;del civico n. ;18;;Veicolo in marcia contro veicolo arresto;Rettilineo;Più di due carreggiate;Asciutto;Asfaltata;Verticale ed orizzontale;Sereno;Scarso;Sufficiente;Sufficiente;0;0;0;2;;;-1;1;Macchina operatrice;In marcia / fermata / arresto;Conducente;M;Illeso;0;;Non accertato;Inesistente
1917796;1;25/07/2012 05:00;Strada Urbana;VIALE DI TRASTEVERE;in prossimità;;del civico n. ;18;;Veicolo in marcia contro veicolo arresto;Rettilineo;Più di due carreggiate;Asciutto;Asfaltata;Verticale ed orizzontale;Sereno;Scarso;Sufficiente;Sufficiente;0;0;0;2;;;-1;2;Autobus urbano;In marcia / fermata / arresto;Conducente;M;Illeso;0;;Esente;Inesploso
1917798;1;25/07/2012 14:00;Strada Urbana;VIA SARDEGNA;all'intersezione con;VIA TOSCANA;VIA TOSCANA;;;Scontro frontale/laterale SX fra veicoli in marcia;Incrocio;Una carreggiata a senso unico di marcia;Asciutto;Asfaltata;Verticale ed orizzontale;Sereno;Scarso;Sufficiente;Ore Diurne;1;0;0;1;;;-1;1;Autovettura privata;In marcia / fermata / arresto;Conducente;M;Illeso;0;;Non accertato;Inesistente
1917798;1;25/07/2012 14:00;Strada Urbana;VIA SARDEGNA;all'intersezione con;VIA TOSCANA;VIA TOSCANA;;;Scontro frontale/laterale SX fra veicoli in marcia;Incrocio;Una carreggiata a senso unico di marcia;Asciutto;Asfaltata;Verticale ed orizzontale;Sereno;Scarso;Sufficiente;Ore Diurne;1;0;0;1;;;-1;2;Motociclo a solo;In marcia / fermata / arresto;Conducente;M;Rimandato;0;NON DECEDUTO;Non accertato;Inesistente
1917799;15;24/07/2012 14:55;Strada Urbana;VIA PORTUENSE;all'intersezione con;VIA LUIGI KOSSUTH;VIA LUIGI KOSSUTH;;;Ribaltamento senza urto contro ostacolo fisso;Intersezione stradale segnalata;Due carreggiate;Asciutto;Asfaltata;Verticale ed orizzontale;Sereno;Scarso;Buona;Ore Diurne;0;0;0;1;;;-1;1;Macchina operatrice;In marcia / fermata / arresto;Conducente;M;Illeso;0;;Utilizzato;Inesistente
1917801;15;26/07/2012 11:10;Strada Urbana;VIA ODERISI DA GUBBIO;in corrispondenza;;del civico n. ;198;;Scontro laterale fra veicoli in marcia;Rettilineo;Una carreggiata a doppio senso;Asciutto;Asfaltata;Orizzontale;Sereno;Intenso;Buona;Ore Diurne;2;0;0;1;;;-1;1;Autovettura privata;In marcia / fermata / arresto;Conducente;M;Illeso;0;;Utilizzato;Inesistente
1917801;15;26/07/2012 11:10;Strada Urbana;VIA ODERISI DA GUBBIO;in corrispondenza;;del civico n. ;198;;Scontro laterale fra veicoli in marcia;Rettilineo;Una carreggiata a doppio senso;Asciutto;Asfaltata;Orizzontale;Sereno;Intenso;Buona;Ore Diurne;2;0;0;1;;;-1;2;Motociclo a solo;In marcia / fermata / arresto;Conducente;M;Rimandato;0;NON DECEDUTO;Utilizzato;Inesistente
1917801;15;26/07/2012 11:10;Strada Urbana;VIA ODERISI DA GUBBIO;in corrispondenza;;del civico n. ;198;;Scontro laterale fra veicoli in marcia;Rettilineo;Una carreggiata a doppio senso;Asciutto;Asfaltata;Orizzontale;Sereno;Intenso;Buona;Ore Diurne;2;0;0;1;;;-1;2;Motociclo a solo;In marcia / fermata / arresto;Passeggero;F;Rimandato;0;NON DECEDUTO;Utilizzato;Inesistente
1917802;19;26/07/2012 17:00;Strada Urbana;PIAZZA CLEMENTE XI;in corrispondenza;;del civico n. ;14;;Veicolo in marcia contro veicolo fermo;Rotatoria;Una carreggiata a senso unico di marcia;Asciutto;Asfaltata;Verticale ed orizzontale;Sereno;Normale;Buona;Ore Diurne;1;0;0;1;;;-1;1;Autocarro superiore 35 q.;In marcia / fermata / arresto;Conducente;M;Illeso;0;;Non accertato;Inesistente
1917802;19;26/07/2012 17:00;Strada Urbana;PIAZZA CLEMENTE XI;in corrispondenza;;del civico n. ;14;;Veicolo in marcia contro veicolo fermo;Rotatoria;Una carreggiata a senso unico di marcia;Asciutto;Asfaltata;Verticale ed orizzontale;Sereno;Normale;Buona;Ore Diurne;1;0;0;1;;;-1;2;Motociclo a solo;In marcia / fermata / arresto;Conducente;M;Rimandato;0;NON DECEDUTO;Non accertato;Inesistente
1917803;19;26/07/2012 19:30;Strada Urbana;VIA LIVIO ANDRONICO;all'intersezione con;VIA LATTANZIO;VIA LATTANZIO;;;Scontro frontale fra veicoli in marcia;Intersezione stradale segnalata;Una carreggiata a doppio senso;Asciutto;Asfaltata;Verticale ed orizzontale;Sereno;Scarso;Buona;Ore Diurne;0;0;0;2;;;-1;1;Autovettura privata;In marcia / fermata / arresto;Conducente;M;Illeso;0;;Non accertato;Inesistente
1917803;19;26/07/2012 19:30;Strada Urbana;VIA LIVIO ANDRONICO;all'intersezione con;VIA LATTANZIO;VIA LATTANZIO;;;Scontro frontale fra veicoli in marcia;Intersezione stradale segnalata;Una carreggiata a doppio senso;Asciutto;Asfaltata;Verticale ed orizzontale;Sereno;Scarso;Buona;Ore Diurne;0;0;0;2;;;-1;2;Autovettura privata;In marcia / fermata / arresto;Conducente;M;Illeso;0;;Non accertato;Inesistente
1917804;6;26/07/2012 19:35;Strada Urbana;VIA TOR DE' SCHIAVI;all'intersezione semaforizzata con;VIA ANAGNI;VIA ANAGNI;;;Scontro laterale fra veicoli in marcia;Intersezione semaforizzata;Due carreggiate;Asciutto;Asfaltata;Verticale ed orizzontale;Sereno;Normale;Buona;Ore Diurne;1;0;0;1;;;-1;1;Motociclo a solo;In marcia / fermata / arresto;Conducente;M;Rifiuta cure immediate;0;NON DECEDUTO;Non accertato;Inesistente
1917804;6;26/07/2012 19:35;Strada Urbana;VIA TOR DE' SCHIAVI;all'intersezione semaforizzata con;VIA ANAGNI;VIA ANAGNI;;;Scontro laterale fra veicoli in marcia;Intersezione semaforizzata;Due carreggiate;Asciutto;Asfaltata;Verticale ed orizzontale;Sereno;Normale;Buona;Ore Diurne;1;0;0;1;;;-1;2;Autovettura privata;In marcia / fermata / arresto;Conducente;F;Illeso;0;;Utilizzato;Inesistente
1917805;8;26/07/2012 12:25;Statale entro l'abitato;VIA CASILINA;da specificare;;;;All'altezza dell'impianto semaforico alt. civ.1670;Scontro laterale fra veicoli in marcia;Rettilineo;Una carreggiata a doppio senso;Asciutto;Asfaltata;Verticale ed orizzontale;Sereno;Normale;Buona;Ore Diurne;0;0;0;3;;;-1;1;Autovettura privata;In marcia / fermata / arresto;Conducente;M;Illeso;0;;Non accertato;Inesploso
1917805;8;26/07/2012 12:25;Statale entro l'abitato;VIA CASILINA;da specificare;;;;All'altezza dell'impianto semaforico alt. civ.1670;Scontro laterale fra veicoli in marcia;Rettilineo;Una carreggiata a doppio senso;Asciutto;Asfaltata;Verticale ed orizzontale;Sereno;Normale;Buona;Ore Diurne;0;0;0;3;;;-1;2;Autocarro inferiore 35 q.;In marcia / fermata / arresto;Conducente;M;Illeso;0;;Non accertato;Inesploso
1917805;8;26/07/2012 12:25;Statale entro l'abitato;VIA CASILINA;da specificare;;;;All'altezza dell'impianto semaforico alt. civ.1670;Scontro laterale fra veicoli in marcia;Rettilineo;Una carreggiata a doppio senso;Asciutto;Asfaltata;Verticale ed orizzontale;Sereno;Normale;Buona;Ore Diurne;0;0;0;3;;;-1;2;Autocarro inferiore 35 q.;In marcia / fermata / arresto;Passeggero;F;Illeso;0;;Non accertato;Inesploso
1917806;8;26/07/2012 15:25;Strada Urbana;VIA DEGLI ORAFI;in prossimità;;del civico n. ;99;;Tamponamento;Rettilineo;Una carreggiata a doppio senso;Asciutto;Asfaltata;Verticale ed orizzontale;Sereno;Normale;Buona;Ore Diurne;0;0;0;3;;;-1;1;Autovettura privata;In marcia / fermata / arresto;Conducente;F;Illeso;0;;Non accertato;Inesploso
1917806;8;26/07/2012 15:25;Strada Urbana;VIA DEGLI ORAFI;in prossimità;;del civico n. ;99;;Tamponamento;Rettilineo;Una carreggiata a doppio senso;Asciutto;Asfaltata;Verticale ed orizzontale;Sereno;Normale;Buona;Ore Diurne;0;0;0;3;;;-1;1;Autovettura privata;In marcia / fermata / arresto;Passeggero;F;Illeso;0;;Non accertato;Inesploso
1917806;8;26/07/2012 15:25;Strada Urbana;VIA DEGLI ORAFI;in prossimità;;del civico n. ;99;;Tamponamento;Rettilineo;Una carreggiata a doppio senso;Asciutto;Asfaltata;Verticale ed orizzontale;Sereno;Normale;Buona;Ore Diurne;0;0;0;3;;;-1;2;Autovettura privata;In marcia / fermata / arresto;Conducente;F;Illeso;0;;Non accertato;Inesploso
1917807;8;26/07/2012 17:00;Strada Urbana;VIALE DELLA SORBONA;in prossimità;;del palo luce n. ;66;;Tamponamento;Rettilineo;Due carreggiate;Asciutto;Asfaltata;Verticale ed orizzontale;Sereno;Normale;Buona;Ore Diurne;1;0;0;1;;;-1;1;Autovettura privata;In marcia / fermata / arresto;Conducente;M;Illeso;0;;Non accertato;Inesistente
1917807;8;26/07/2012 17:00;Strada Urbana;VIALE DELLA SORBONA;in prossimità;;del palo luce n. ;66;;Tamponamento;Rettilineo;Due carreggiate;Asciutto;Asfaltata;Verticale ed orizzontale;Sereno;Normale;Buona;Ore Diurne;1;0;0;1;;;-1;2;Autovettura privata;In marcia / fermata / arresto;Conducente;M;Ricoverato;0;NON DECEDUTO;Non accertato;Esploso
1917808;8;26/07/2012 16:50;Strada Urbana;LARGO MONREALE;da specificare;;;;altezza Chiesa S. Giovanni M. Vianney;Scontro laterale fra veicoli in marcia;Rettilineo;Una carreggiata a senso unico di marcia;Asciutto;Asfaltata;Verticale ed orizzontale;Sereno;Normale;Buona;Ore Diurne;0;0;0;2;;;-1;1;Autovettura privata;In marcia / fermata / arresto;Conducente;F;Illeso;0;;Non accertato;Inesploso
1917808;8;26/07/2012 16:50;Strada Urbana;LARGO MONREALE;da specificare;;;;altezza Chiesa S. Giovanni M. Vianney;Scontro laterale fra veicoli in marcia;Rettilineo;Una carreggiata a senso unico di marcia;Asciutto;Asfaltata;Verticale ed orizzontale;Sereno;Normale;Buona;Ore Diurne;0;0;0;2;;;-1;2;Autovettura privata;In marcia / fermata / arresto;Conducente;F;Illeso;0;;Non accertato;Inesploso
1917809;8;26/07/2012 14:50;Strada Urbana;VIA PRETORO;in prossimità;;del civico n. ;3;;Scontro frontale/laterale SX fra veicoli in marcia;Rettilineo;Una carreggiata a doppio senso;Asciutto;Asfaltata;Verticale;Sereno;Scarso;Sufficiente;Ore Diurne;0;0;0;2;;;-1;1;Autovettura privata;In marcia / fermata / arresto;Conducente;M;Illeso;0;;Non accertato;Inesistente
1917809;8;26/07/2012 14:50;Strada Urbana;VIA PRETORO;in prossimità;;del civico n. ;3;;Scontro frontale/laterale SX fra veicoli in marcia;Rettilineo;Una carreggiata a doppio senso;Asciutto;Asfaltata;Verticale;Sereno;Scarso;Sufficiente;Ore Diurne;0;0;0;2;;;-1;2;Autovettura privata;In marcia / fermata / arresto;Conducente;F;Illeso;0;;Non accertato;Inesistente
1917810;8;26/07/2012 21:00;Strada Urbana;VIALE DELLA SORBONA;all'intersezione con;VIA SILICELLA;VIA SILICELLA;;;Scontro laterale fra veicoli in marcia;Rotatoria;Due carreggiate;Asciutto;Asfaltata;Verticale ed orizzontale;Sereno;Normale;Buona;Sufficiente;0;0;0;3;;;-1;1;Autovettura di polizia;In marcia / fermata / arresto;Conducente;M;Illeso;0;;Esente;Inesploso
1917810;8;26/07/2012 21:00;Strada Urbana;VIALE DELLA SORBONA;all'intersezione con;VIA SILICELLA;VIA SILICELLA;;;Scontro laterale fra veicoli in marcia;Rotatoria;Due carreggiate;Asciutto;Asfaltata;Verticale ed orizzontale;Sereno;Normale;Buona;Sufficiente;0;0;0;3;;;-1;1;Autovettura di polizia;In marcia / fermata / arresto;Passeggero;M;Illeso;0;;Non accertato;Inesploso
1917810;8;26/07/2012 21:00;Strada Urbana;VIALE DELLA SORBONA;all'intersezione con;VIA SILICELLA;VIA SILICELLA;;;Scontro laterale fra veicoli in marcia;Rotatoria;Due carreggiate;Asciutto;Asfaltata;Verticale ed orizzontale;Sereno;Normale;Buona;Sufficiente;0;0;0;3;;;-1;2;Motociclo con passeggero;In marcia / fermata / arresto;Conducente;M;Illeso;0;;Non accertato;Inesistente
1917811;15;26/07/2012 19:50;Strada Urbana;VIA PORTUENSE;in corrispondenza;;del civico n. ;847;;Tamponamento;Rettilineo;Una carreggiata a doppio senso;Asciutto;Asfaltata;Orizzontale;Sereno;Normale;Buona;Ore Diurne;0;0;0;5;;;-1;1;Autovettura privata;In marcia / fermata / arresto;Conducente;M;Illeso;0;;Utilizzato;Inesistente
1917811;15;26/07/2012 19:50;Strada Urbana;VIA PORTUENSE;in corrispondenza;;del civico n. ;847;;Tamponamento;Rettilineo;Una carreggiata a doppio senso;Asciutto;Asfaltata;Orizzontale;Sereno;Normale;Buona;Ore Diurne;0;0;0;5;;;-1;1;Autovettura privata;In marcia / fermata / arresto;Passeggero;F;Illeso;0;;Utilizzato;Inesistente
1917811;15;26/07/2012 19:50;Strada Urbana;VIA PORTUENSE;in corrispondenza;;del civico n. ;847;;Tamponamento;Rettilineo;Una carreggiata a doppio senso;Asciutto;Asfaltata;Orizzontale;Sereno;Normale;Buona;Ore Diurne;0;0;0;5;;;-1;1;Autovettura privata;In marcia / fermata / arresto;Passeggero;F;Illeso;0;;Utilizzato;Inesistente
1917811;15;26/07/2012 19:50;Strada Urbana;VIA PORTUENSE;in corrispondenza;;del civico n. ;847;;Tamponamento;Rettilineo;Una carreggiata a doppio senso;Asciutto;Asfaltata;Orizzontale;Sereno;Normale;Buona;Ore Diurne;0;0;0;5;;;-1;2;Autovettura privata;In marcia / fermata / arresto;Conducente;M;Illeso;0;;Utilizzato;Inesistente
1917812;19;26/07/2012 08:00;Strada Urbana;VIA DELLA PINETA SACCHETTI;all'intersezione semaforizzata con;VIA FRANCESCO MARCONI;VIA FRANCESCO MARCONI;;;Tamponamento;Incrocio;Due carreggiate;Asciutto;Asfaltata;Verticale ed orizzontale;Sereno;Normale;Buona;Ore Diurne;0;0;0;2;;;-1;1;Motociclo a solo;In marcia / fermata / arresto;Conducente;M;Illeso;0;;Utilizzato;Inesistente
1917812;19;26/07/2012 08:00;Strada Urbana;VIA DELLA PINETA SACCHETTI;all'intersezione semaforizzata con;VIA FRANCESCO MARCONI;VIA FRANCESCO MARCONI;;;Tamponamento;Incrocio;Due carreggiate;Asciutto;Asfaltata;Verticale ed orizzontale;Sereno;Normale;Buona;Ore Diurne;0;0;0;2;;;-1;2;Motociclo a solo;In marcia / fermata / arresto;Conducente;M;Illeso;0;;Utilizzato;Inesistente
1917813;11;26/07/2012 07:55;Strada Urbana;VIA OSTIENSE;all'intersezione semaforizzata con;VIA DEL PORTO FLUVIALE;VIA DEL PORTO FLUVIALE;;;Tamponamento;Intersezione semaforizzata;Due carreggiate;Asciutto;Asfaltata;Verticale ed orizzontale;Sereno;Normale;Buona;Ore Diurne;0;0;0;2;;;-1;1;Autovettura privata;In marcia / fermata / arresto;Conducente;M;Illeso;0;;Non accertato;Inesploso
1917813;11;26/07/2012 07:55;Strada Urbana;VIA OSTIENSE;all'intersezione semaforizzata con;VIA DEL PORTO FLUVIALE;VIA DEL PORTO FLUVIALE;;;Tamponamento;Intersezione semaforizzata;Due carreggiate;Asciutto;Asfaltata;Verticale ed orizzontale;Sereno;Normale;Buona;Ore Diurne;0;0;0;2;;;-1;2;Motociclo a solo;In marcia / fermata / arresto;Conducente;M;Illeso;0;;Non accertato;Inesploso
1917814;11;26/07/2012 18:00;Strada Urbana;VIA OSTIENSE;all'intersezione semaforizzata con;VIA DEL PORTO FLUVIALE;VIA DEL PORTO FLUVIALE;;;Tamponamento;Intersezione semaforizzata;Più di due carreggiate;Asciutto;Asfaltata;Verticale ed orizzontale;Sereno;Intenso;Buona;Ore Diurne;0;0;0;3;;;-1;1;Autovettura privata;In marcia / fermata / arresto;Conducente;M;Illeso;0;;Non accertato;Inesistente
1917814;11;26/07/2012 18:00;Strada Urbana;VIA OSTIENSE;all'intersezione semaforizzata con;VIA DEL PORTO FLUVIALE;VIA DEL PORTO FLUVIALE;;;Tamponamento;Intersezione semaforizzata;Più di due carreggiate;Asciutto;Asfaltata;Verticale ed orizzontale;Sereno;Intenso;Buona;Ore Diurne;0;0;0;3;;;-1;1;Autovettura privata;In marcia / fermata / arresto;Passeggero;M;Illeso;0;;Non accertato;Inesistente
1917814;11;26/07/2012 18:00;Strada Urbana;VIA OSTIENSE;all'intersezione semaforizzata con;VIA DEL PORTO FLUVIALE;VIA DEL PORTO FLUVIALE;;;Tamponamento;Intersezione semaforizzata;Più di due carreggiate;Asciutto;Asfaltata;Verticale ed orizzontale;Sereno;Intenso;Buona;Ore Diurne;0;0;0;3;;;-1;2;Autocarro superiore 35 q.;In marcia / fermata / arresto;Conducente;M;Illeso;0;;Non accertato;Inesistente
1917815;11;27/07/2012 03:45;Strada Urbana;VIA DEL TURISMO;da specificare;;;;altezza palo acea n°7;Veicolo in marcia contro veicolo fermo;Curva a visuale libera;Una carreggiata a doppio senso;Asciutto;Asfaltata;Verticale ed orizzontale;Sereno;Scarso;Buona;Sufficiente;0;0;0;2;;;-1;1;Autovettura privata;In marcia / fermata / arresto;Conducente;M;Illeso;0;;Non accertato;Inesploso
1917815;11;27/07/2012 03:45;Strada Urbana;VIA DEL TURISMO;da specificare;;;;altezza palo acea n°7;Veicolo in marcia contro veicolo fermo;Curva a visuale libera;Una carreggiata a doppio senso;Asciutto;Asfaltata;Verticale ed orizzontale;Sereno;Scarso;Buona;Sufficiente;0;0;0;2;;;-1;2;Autovettura privata;In marcia / fermata / arresto;Conducente;M;Illeso;0;;Non accertato;Inesploso
1917816;7;27/07/2012 02:15;Strada Urbana;VIA GIACOMO BRESADOLA;all'intersezione con;VIA VINCENZO CESATI;VIA VINCENZO CESATI;;;Scontro frontale/laterale DX fra veicoli in marcia;Incrocio;Una carreggiata a doppio senso;Asciutto;Asfaltata;Verticale ed orizzontale;Sereno;Scarso;Sufficiente;Sufficiente;0;0;0;4;;;-1;1;Autovettura privata;In marcia / fermata / arresto;Conducente;M;Illeso;0;;Non accertato;Inesistente
1917816;7;27/07/2012 02:15;Strada Urbana;VIA GIACOMO BRESADOLA;all'intersezione con;VIA VINCENZO CESATI;VIA VINCENZO CESATI;;;Scontro frontale/laterale DX fra veicoli in marcia;Incrocio;Una carreggiata a doppio senso;Asciutto;Asfaltata;Verticale ed orizzontale;Sereno;Scarso;Sufficiente;Sufficiente;0;0;0;4;;;-1;2;Autovettura privata;In marcia / fermata / arresto;Conducente;M;Illeso;0;;Non accertato;Inesistente
1917816;7;27/07/2012 02:15;Strada Urbana;VIA GIACOMO BRESADOLA;all'intersezione con;VIA VINCENZO CESATI;VIA VINCENZO CESATI;;;Scontro frontale/laterale DX fra veicoli in marcia;Incrocio;Una carreggiata a doppio senso;Asciutto;Asfaltata;Verticale ed orizzontale;Sereno;Scarso;Sufficiente;Sufficiente;0;0;0;4;;;-1;2;Autovettura privata;In marcia / fermata / arresto;Passeggero;M;Illeso;0;;Non accertato;Inesistente
1917816;7;27/07/2012 02:15;Strada Urbana;VIA GIACOMO BRESADOLA;all'intersezione con;VIA VINCENZO CESATI;VIA VINCENZO CESATI;;;Scontro frontale/laterale DX fra veicoli in marcia;Incrocio;Una carreggiata a doppio senso;Asciutto;Asfaltata;Verticale ed orizzontale;Sereno;Scarso;Sufficiente;Sufficiente;0;0;0;4;;;-1;2;Autovettura privata;In marcia / fermata / arresto;Passeggero;M;Illeso;0;;Non accertato;Inesistente
1917817;19;26/07/2012 10:50;Strada Urbana;VIA DI TORREVECCHIA;all'intersezione semaforizzata con;VIA AUGUSTO TAMBURINI;VIA AUGUSTO TAMBURINI;;;Scontro frontale/laterale SX fra veicoli in marcia;Incrocio;Due carreggiate;Asciutto;Asfaltata;Verticale ed orizzontale;Sereno;Intenso;Buona;Ore Diurne;0;0;0;3;;;-1;1;Autovettura privata;In marcia / fermata / arresto;Conducente;M;Illeso;0;;Non accertato;Inesploso
1917817;19;26/07/2012 10:50;Strada Urbana;VIA DI TORREVECCHIA;all'intersezione semaforizzata con;VIA AUGUSTO TAMBURINI;VIA AUGUSTO TAMBURINI;;;Scontro frontale/laterale SX fra veicoli in marcia;Incrocio;Due carreggiate;Asciutto;Asfaltata;Verticale ed orizzontale;Sereno;Intenso;Buona;Ore Diurne;0;0;0;3;;;-1;1;Autovettura privata;In marcia / fermata / arresto;Passeggero;F;Illeso;0;;Non accertato;Inesploso
1917817;19;26/07/2012 10:50;Strada Urbana;VIA DI TORREVECCHIA;all'intersezione semaforizzata con;VIA AUGUSTO TAMBURINI;VIA AUGUSTO TAMBURINI;;;Scontro frontale/laterale SX fra veicoli in marcia;Incrocio;Due carreggiate;Asciutto;Asfaltata;Verticale ed orizzontale;Sereno;Intenso;Buona;Ore Diurne;0;0;0;3;;;-1;2;Autovettura privata;In marcia / fermata / arresto;Conducente;F;Illeso;0;;Non accertato;Inesistente
1917818;10;26/07/2012 18:15;Strada Urbana;VIA TUSCOLANA;in prossimità;;del civico n. ;1558;;Tamponamento;Rettilineo;Due carreggiate;Asciutto;Asfaltata;Verticale ed orizzontale;Sereno;Intenso;Buona;Ore Diurne;0;0;0;3;;;-1;1;Autovettura privata;In marcia / fermata / arresto;Conducente;M;Illeso;0;;Non accertato;Inesploso
1917818;10;26/07/2012 18:15;Strada Urbana;VIA TUSCOLANA;in prossimità;;del civico n. ;1558;;Tamponamento;Rettilineo;Due carreggiate;Asciutto;Asfaltata;Verticale ed orizzontale;Sereno;Intenso;Buona;Ore Diurne;0;0;0;3;;;-1;2;Autovettura privata;In marcia / fermata / arresto;Conducente;M;Illeso;0;;Non accertato;Inesploso
1917818;10;26/07/2012 18:15;Strada Urbana;VIA TUSCOLANA;in prossimità;;del civico n. ;1558;;Tamponamento;Rettilineo;Due carreggiate;Asciutto;Asfaltata;Verticale ed orizzontale;Sereno;Intenso;Buona;Ore Diurne;0;0;0;3;;;-1;2;Autovettura privata;In marcia / fermata / arresto;Passeggero;F;Illeso;0;;Utilizzato;Inesistente
1917819;11;26/07/2012 16:50;Strada Urbana;VIA DI S. PETRONILLA;all'intersezione con;VIA ANNIO FELICE;VIA ANNIO FELICE;;;Scontro frontale/laterale DX fra veicoli in marcia;Intersezione stradale segnalata;Una carreggiata a doppio senso;Asciutto;Asfaltata;Verticale ed orizzontale;Sereno;Normale;Buona;Ore Diurne;1;0;0;1;;;-1;1;Autovettura privata;In marcia / fermata / arresto;Conducente;F;Illeso;0;;Non accertato;Inesistente
1917819;11;26/07/2012 16:50;Strada Urbana;VIA DI S. PETRONILLA;all'intersezione con;VIA ANNIO FELICE;VIA ANNIO FELICE;;;Scontro frontale/laterale DX fra veicoli in marcia;Intersezione stradale segnalata;Una carreggiata a doppio senso;Asciutto;Asfaltata;Verticale ed orizzontale;Sereno;Normale;Buona;Ore Diurne;1;0;0;1;;;-1;2;Autovettura privata;In marcia / fermata / arresto;Conducente;F;Rimandato;0;NON DECEDUTO;Non accertato;Inesistente